1017;ALBA IULIA;10
1213;AIUD;10
1348;BLAJ;10
1874;SEBE?;10
1151;ABRUD;10
2915;BAIA DE ARIE?;10
1455;C�MPENI;10
1696;CUGIR;10
1794;OCNA MURE?;10
8096;TEIU?;10
1936;ZLATNA;10
2130;ALBAC;10
2309;ALMA?U MARE;10
2381;ARIE?ENI;10
2577;AVRAM IANCU;10
2988;BERGHIN;10
3039;BISTRA;10
3397;BLANDIANA;10
9026;BUCERDEA GR�NOAS�;
3459;BUCIUM;10
4106;C�LNIC;10
3761;CENADE;10
3805;CERGAU;10
3841;CERU-BACAIN?I;10
3958;CETATEA DE BALTA;10
1071;CIUGUD;10
4008;CIURULEASA;10
4188;CRACIUNELU DE JOS;10
4142;CRICAU;10
9019;CUT;10
4240;DAIA ROM�NA;10
4268;DO?TAT;10
4302;FARAU;10
4366;GALDA DE JOS;10
4482;G�RBOVA;10
4525;G�RDA DE SUS;10
4703;HOP�RTA;10
4767;HOREA;10
4927;IGHIU;10
4981;�NTREGALDE;10
5103;JIDVEI;10
5167;LIVEZILE;10
5210;LOPADEA NOUA;10
5309;LUNCA MURE?ULUI;10
5336;LUP?A;10
5577;METE?;10
5700;MIHAL?;10
5755;MIRASLAU;10
5826;MOGO?;10
6048;NO?LAC;10
6119;OCOLI?;10
6164;OHABA;10
6217;PIANU;10
6271;POIANA VADULUI;10
6397;PONOR;10
6468;PO?AGA;10
6547;RADE?TI;10
6592;R�METEA;10
6627;R�ME?;10
6930;RO?IA DE SECA?;10
6761;RO?IA MONTANA;10
6976;SALCIUA;10
7044;SALI?TEA;10
7099;SASCIORI;10
7197;SCARI?OARA;10
7348;S�NCEL;10
7384;S�NTIMBRU;10
7446;SOHODOL;10
7767;STREM?;10
7810;?IBOT;10
7865;?ONA;10
7945;?PRING;10
8014;?UGAG;10
8158;UNIREA;10
8229;VADU MO?ILOR;10
8354;VALEA LUNGA;10
8425;VIDRA;10
8826;VIN?U DE JOS;10
9262;ARAD;29
9459;CHI?INEU-CRI?;29
9495;CURTICI;29
9538;INEU;29
9574;LIPOVA;29
9627;NADLAC;29
11584;PECICA;29
9654;P�NCOTA;29
12091;S�NTANA;29
9690;SEBI?;29
9743;ALMA?;29
9798;APATEU;29
9832;ARCHI?;29
9887;BATA;29
9930;BELIU;29
10006;BIRCHI?;29
10051;B�RSA;29
10104;B�RZAVA;29
10195;BOCSIG;29
10239;BRAZII;29
10293;BUTENI;29
10346;CARAND;29
10373;CERMEI;29
10417;CHISINDIA;29
10453;CONOP;29
10514;COVASIN?;29
10532;CRAIVA;29
10649;DEZNA;29
10701;DIECI;29
12912;DOROBAN?I;29
9280;F�NT�NELE;29
10827;FELNAC;29
12920;FRUMU?ENI;29
10872;GHIOROC;29
10916;GRANICERI;29
10943;GURAHON?;29
11058;HALMAGIU;29
11174;HALMAGEL;29
11236;HA?MA?;29
11307;IGNE?TI;29
11352;IRATO?U;29
9333;LIVADA;29
11398;MACEA;29
11423;MI?CA;29
11478;MONEASA;29
11502;OLARI;29
11539;PAULI?;29
11637;PEREGU MARE;29
11664;PETRI?;29
11735;PILU;29
11762;PLE?CU?A;29
11842;SAV�R?IN;29
11940;SECUSIGIU;29
11995;SELEU?;29
12037;SEMLAC;29
12055;SINTEA MARE;29
12126;SOCODOR;29
12144;?AGU;29
12206;?EITIN;29
12224;?EPREU?;29
12242;?ICULA;29
12288;?ILINDIA;29
12340;?IMAND;29
12368;?IRIA;29
12402;?I?TAROVA?;29
9360;?OFRONEA;29
12457;TAU?;29
12509;T�RNOVA;29
10765;USUS�U;29
12572;VARADIA DE MURE?;29
12643;VINGA;29
12689;V�RFURILE;29
9397;VLADIMIRESCU;29
12778;ZABRANI;29
12938;ZADARENI;29
12812;ZARAND;29
12849;ZERIND;29
12876;ZIMANDU NOU;29
13169;PITE?TI;38
13490;C�MPULUNG;38
13622;CURTEA DE ARGE?;38
13668;COSTE?TI;38
13301;MIOVENI;38
13392;?TEFANE?TI;38
13757;TOPOLOVENI;38
13819;ALBE?TII DE ARGE?;38
13891;ALBE?TII DE MUSCEL;38
13935;ALBOTA;38
13999;ANINOASA;38
14049;AREFU;38
13187;BASCOV;38
14085;BABANA;38
14165;BAICULE?TI;38
14272;BALILE?TI;38
14352;BELE?I-NEGRE?TI;38
14405;BEREVOE?TI;38
14450;B�RLA;38
14584;BOGA?I;38
14673;BOTENI;38
14726;BO?E?TI;38
13276;BRADU;38
14753;BRADULE?;38
14851;BUDEASA;38
14922;BUGHEA DE JOS;38
20063;BUGHEA DE SUS;38
14940;BUZOE?TI;38
15064;CALDARARU;38
15108;CALINE?TI;38
15233;CATEASCA;38
15313;CEPARI;38
15402;CETA?ENI;38
15448;CICANE?TI;38
15493;CIOFRINGENI;38
15554;CIOMAGE?TI;38
15652;COCU;38
15741;CORBENI;38
15830;CORBI;38
15901;CO?E?TI;38
15983;COTMEANA;38
16132;CUCA;38
16285;DAVIDE?TI;38
16329;D�MBOVICIOARA;38
16365;D�RMANE?TI;38
16427;DOBRE?TI;38
16454;DOMNE?TI;38
16472;DRAGOSLAVELE;38
16506;DRAGANU;38
16551;GODENI;38
16659;H�RTIE?TI;38
16613;H�RSE?TI;38
16739;IZVORU;38
16757;LEORDENI;38
16908;LERE?TI;38
16944;LUNCA CORBULUI;38
17049;MALURENI;38
13365;MARACINENI;38
17101;MERI?ANI;38
17209;MICE?TI;38
17254;MIHAE?TI;38
17334;MIOARELE;38
17398;MIRO?I;38
17423;MORARE?TI;38
17496;MO?OAIA;38
17575;MOZACENI;38
17619;MU?ATE?TI;38
17726;NEGRA?I;38
17771;NUC?OARA;38
17824;OARJA;38
17851;PIETRO?ANI;38
18028;POIANA LACULUI;38
17913;POIENARII DE ARGE?;38
17968;POIENARII DE MUSCEL;38
18162;POPE?TI;38
18242;PRIBOIENI;38
18331;RATE?TI;38
20048;R�CA;38
18411;RECEA;38
18475;ROCIU;38
18527;RUCAR;38
18554;SALATRUCU;38
18581;SAPATA;38
18670;SCHITU GOLE?TI;38
18741;SLOBOZIA;38
18778;ST�LPENI;38
18858;STOENE?TI;38
18938;STOLNICI;38
19007;SUSENI;38
19114;?TEFAN CEL MARE;38
19141;?UICI;38
19212;TEIU;38
19249;TIGVENI;38
19338;?I?E?TI;38
19392;UDA;38
19560;UNGHENI;38
19631;VALEA DANULUI;38
19695;VALEA IA?ULUI;38
13524;VALEA MARE PRAVA?;38
19793;VEDEA;38
19999;VLADE?TI;38
20055;VULTURE?TI;38
20297;BACAU;47
20876;MOINE?TI;47
20563;ONE?TI;47
20778;BUHU?I;47
20821;COMANE?TI;47
22166;DARMANE?TI;47
20910;SLANIC-MOLDOVA;47
20965;T�RGU OCNA;47
21007;AGA?;47
21098;ARDEOANI;47
21123;ASAU;47
21196;BALCANI;47
21249;BERE?TI-BISTRI?A;47
21338;BERE?TI-TAZLAU;47
21418;BERZUN?I;47
21454;B�RSANE?TI;47
21506;BLAGE?TI;47
21560;BOGDANE?TI;47
21597;BRUSTUROASA;47
26338;BUCIUMI;47
21668;BUHOCI;47
21720;CA?IN;47
21757;CAIU?I;47
21855;CLEJA;47
21891;COLONE?TI;47
21971;CORBASCA;47
22059;CO?OFANE?TI;47
22111;DAMIENE?TI;47
22237;DEALU MORII;47
22380;DOFTEANA;47
22460;FARAOANI;47
22488;FILIPENI;47
22576;FILIPE?TI;47
22665;GAICEANA;47
22718;GHIME?-FAGET;47
26346;GIOSENI;47
22781;G�RLENI;47
22834;GLAVANE?TI;47
20607;GURA VAII;47
22898;HELEGIU;47
20313;HEMEIU?;47
22941;HORGE?TI;47
23047;HURUIE?TI;47
26379;ITE?TI;47
23127;IZVORU BERHECIULUI;47
20359;LETEA VECHE;47
23207;LIPOVA;47
23289;LIVEZI;47
23350;LUIZI-CALUGARA;47
23387;MAGIRE?TI;47
20411;MAGURA;47
23449;MANASTIREA CA?IN;47
20466;MARGINENI;47
23494;MOTO?ENI;47
23644;NEGRI;47
23715;NICOLAE BALCESCU;47
26353;ODOBE?TI;47
23797;OITUZ;47
23868;ONCE?TI;47
23948;ORBENI;47
23975;PALANCA;47
24034;PARAVA;47
24089;PARINCEA;47
24338;P�RJOL;47
24187;P�NCE?TI;47
24276;P�RGARE?TI;47
24427;PLOPANA;47
24524;PODU TURCULUI;47
24631;PODURI;47
26361;PR�JE?TI;47
24711;RACOVA;47
24766;RACACIUNI;47
24837;RACHITOASA;47
24999;RO?IORI;47
25068;SASCUT;47
25148;SANDULENI;47
26320;SARATA;47
25228;SAUCE?TI;47
25291;SCOR?ENI;47
25362;SECUIENI;47
25488;SOLON?;47
25521;STANI?E?TI;47
25629;STRUGARI;47
20670;?TEFAN CEL MARE;47
25692;TAMA?I;47
25745;TATARA?TI;47
25825;T�RGU TROTU?;47
25861;TRAIAN;47
25932;UNGURENI;47
26029;URECHE?TI;47
26083;VALEA SEACA;47
26118;VULTURENI;47
26289;ZEME?;47
26564;ORADEA;56
26877; MARGHITA;56
26804;BEIU?;56
26975;SALONTA;56
26699;ALE?D;56
26920;NUCET;56
30915;SACUENI;56
26840;?TEI;56
32027;VALEA LUI MIHAI;56
27007;VA?CAU;56
27070;ABRAM;56
27169;ABRAMU?;56
26742;A?TILEU;56
27212;AU?EU;56
27285;AVRAM IANCU;56
27329;BALC;56
27383;BATAR;56
27436;BIHARIA;56
27506;BOIANU MARE;56
27560;BOROD;56
27631;BOR?;56
27686;BRATCA;56
27757;BRUSTURI;56
27846;BUDUREASA;56
27908;BUDUSLAU;56
27935;BULZ;56
27971;BUNTE?TI;56
28077;CABE?TI;56
28139;CAP�LNA;56
28193;CARPINET;56
28246;CEFA;56
28335;CEICA;56
28415;CETARIU;56
28497;CHERECHIU;56
28530;CHI?LAZ;56
28665;CIUMEGHIU;56
28709;C�MPANI;56
28763;COCIUBA MARE;56
28816;COPACEL;56
28889;CRI?TIORU DE JOS;56
28941;CURA?ELE;56
29001;CURTUI?ENI;56
29038;DERNA;56
29092;DIOSIG;56
29154;DOBRE?TI;56
29243;DRAGANE?TI;56
29341;DRAGE?TI;56
29403;FINI?;56
32195;GEPIU;56
29467;GIRI?U DE CRI?;56
29519;HIDI?ELU DE SUS;56
29573;HOLOD;56
29662;HUSASAU DE TINCA;56
29724;INEU;56
29760;LAZURI DE BEIU?;56
29813;LAZARENI;56
29902;LUGA?U DE JOS;56
29948;LUNCA;56
30014;MADARA?;56
30069;MAGE?TI;56
30149;NOJORID;56
30229;OLCEA;56
30274;O?ORHEI;56
32161;PALEU;56
30336;PIETROASA;56
30416;POCOLA;56
30470;POMEZEU;56
30568;POPE?TI;56
30648;RABAGANI;56
30719;REMETEA;56
30773;RIENI;56
30844;RO?IA;56
32187;RO?IORI;56
30871;SACADAT;56
30988;SALACEA;56
31011;SALARD;56
32179;SANNICOLAU ROMAN;56
28610;S�NIOB;56
31057;S�MBATA;56
26582;S�NMARTIN;56
26653;S�NTANDREI;56
31128;S�RBI;56
31208;SPINU?;56
31262;SUPLACU DE BARCAU;56
31333;?IMIAN;56
31379;?INTEU;56
31422;?OIMI;56
31510;?UNCUIU?;56
31565;TARCEA;56
32153;TAMA?EU;56
31609;TARCAIA;56
31654;TAUTEU;56
31716;TILEAGD;56
31789;TINCA;56
32201;TOBOLIU;56
31841;TULCA;56
31878;?E?CHEA;56
31921;UILEACU DE BEIU?;56
31976;VADU CRI?ULUI;56
32090;V�RCIOROG;56
32045;VII?OARA;56
32394;BISTRI?A;65
32483;BECLEAN;65
32544;NASAUD;65
32599;S�NGEORZ-BAI;65
32633;BISTRI?A B�RGAULUI;65
32660;BRANI?TEA;65
32704;BUDACU DE JOS;65
32768;BUDE?TI;65
32811;CAIANU MIC;65
32884;CETATE;65
33015;CHIOCHI?;65
33122;CHIUZA;65
179953;CICEU - MIH�IE?TI;65
32955;CICEU-GIURGE?TI;65
33177;CO?BUC;65
33202;DUMITRA;65
179686;DUMITRI?A;65
33248;FELDRU;65
33275;GALA?II BISTRI?EI;65
33337;ILVA MARE;65
33364;ILVA MICA;65
33382;JOSENII B�RGAULUI;65
33435;LECHIN?A;65
33514;LE?U;65
33541;LIVEZILE;65
33603;LUNCA ILVEI;65
33621;MAIERU;65
33658;MATEI;65
33729;MAGURA ILVEI;65
33765;MARI?ELU;65
33845;MICE?TII DE C�MPIE;65
33881;MILA?;65
33952;MONOR;65
179659;NEGRILE?TI;65
33989;NIMIGEA;65
34075;NU?ENI;65
34155;PARVA;65
34173;PETRU RARE?;65
179720;POIANA  ILVEI;65
34235;PRUNDU B�RGAULUI;65
34262;REBRA;65
34280;REBRI?OARA;65
34333;RODNA;65
34360;ROMULI;65
179944;RUNCU SALVEI;65
34397;SALVA;65
34422;SILIVA?U DE C�MPIE;65
34477;S�NMIHAIU DE C�MPIE;65
34547;SPERMEZEU;65
34618;?AN?;65
34645;?IEU;65
34690;?IEU-MAGHERU?;65
34770;?IEU-ODORHEI;65
34850;?IEU?;65
34903;?INTEREAG;65
34985;TEACA;65
35054;TELCIU;65
35090;TIHA B�RGAULUI;65
35152;T�RLI?UA;65
35269;URIU;65
35312;URMENI?;65
35429;ZAGRA;65
35731;BOTO?ANI;74
36006;DOROHOI;74
36453;BUCECEA;74
35946;DARABANI;74
37280;FLAM�NZI;74
36060;SAVENI;74
39168;?TEFANE?TI;74
40035;AD�?ENI;74
36131;ALBE?TI;74
36202;AVRAMENI;74
36300;BALU?ENI;74
39983;BL�NDE?TI;74
36373;BRAE?TI;74
36426;BROSCAU?I;74
36499;CALARA?I;74
39967;C�NDE?TI;74
36532;CONCE?TI;74
36569;COPALAU;74
36649;CORDARENI;74
36676;CORLATENI;74
36756;CORNI;74
39975;CO?ULA;74
36809;CO?U?CA;74
36907;CRISTE?TI;74
36952;CRISTINE?TI;74
35759;CURTE?TI;74
37011;DERSCA;74
39959;DIMACHENI;74
37057;D�NGENI;74
37100;DOB�RCENI;74
37173;DRAGU?ENI;74
37217;DURNE?TI;74
37324;FRUMU?ICA;74
37397;GEORGE ENESCU;74
37459;GORBANE?TI;74
37547;HAV�RNA;74
37618;HANE?TI;74
37672;HILI?EU-HORIA;74
37734;HLIPICENI;74
37770;HUDE?TI;74
37823;IBANE?TI;74
37850;LEORDA;74
39942;LOZNA;74
37912;LUNCA;74
37958;MANOLEASA;74
38063;MIHAI EMINESCU;74
38161;MIHAILENI;74
38241;MIHALA?ENI;74
38321;MILEANCA;74
38376;MITOC;74
38456;NIC?ENI;74
38492;PALTINI?;74
38544;POM�RLA;74
38580;PRAJENI;74
35839;RACHI?I;74
38633;RADAU?I-PRUT;74
38679;RAU?ENI;74
38731;RIPICENI;74
38811;ROMA;74
38848;ROM�NE?TI;74
38893;SANTA MARE;74
35884;STAUCENI;74
38982;SUHARAU;74
39051;SULI?A;74
39122;?ENDRICENI;74
39220;?TIUBIENI;74
39266;TODIRENI;74
39328;TRU?E?TI;74
39391;TUDORA;74
39417;UNGURENI;74
39532;UN?ENI;74
39612;VACULE?TI;74
39694;V�RFU C�MPULUI;74
39658;VII?OARA;74
39738;VLADENI;74
39792;VLASINE?TI;74
39836;VORNICENI;74
39872;VORONA;74
40198;BRA?OV;83
40241; CODLEA;83
40278;FAGARA?;83
40438;SACELE;83
40214;GHIMBAV;83
40303;PREDEAL;83
40367;R�?NOV;83
40394;RUPEA;83
40465;VICTORIA;83
40492;ZARNE?TI;83
40526;APA?A;83
42498;AUGUSTIN;83
40544;BECLEAN;83
40606;BOD;83
40633;BRAN;83
40688;BUDILA;83
40704;BUNE?TI;83
40768;CA?A;83
40820;CINCU;83
40857;COMANA;83
40900;CRISTIAN;83
42456;CRIZBAV;83
42480;DRAGU?;83
40928;DUMBRAVI?A;83
40955;FELDIOARA;83
40991;FUNDATA;83
41033;HALCHIU;83
41088;HARMAN;83
41113;H�RSENI;83
41177;HOGHIZ;83
42472;HOLBAV;83
41248;HOMOROD;83
41284;JIBERT;83
41346;LISA;83
41382;MAIERU?;83
41417;M�NDRA;83
41471;MOIECIU;83
41541;ORMENI?;83
41578;PARAU;83
41621;POIANA MARULUI;83
41667;PREJMER;83
41701;RACO?;83
41738;RECEA;83
42464;SAMBATA DE SUS;83
41925;S�NPETRU;83
41818;?ERCAIA;83
41854;?INCA;83
42449;?INCA NOUA;83
41943;?OAR?;83
42003;TARLUNGENI;83
42058;TELIU;83
42076;TICU?U;83
42101;UCEA;83
42156;UNGRA;83
42183;VAMA BUZAULUI;83
42236;VI?TEA;83
42307;VOILA;83
42398;VULCAN;83
42682;BRAILA;92
42753;FAUREI;92
43331;IANCA;92
43411;�NSURA?EI;92
42824;BARAGANUL;92
42842;BERTE?TII DE JOS;92
42913;BORDEI VERDE;92
44560;CAZASU;92
42708;CHI?CANI;92
42968;CIOCILE;92
43019;CIRE?U;92
43073;DUDE?TI;92
43117;FRECA?EI;92
43180;GALBENU;92
43242;GEMENELE;92
43279;GRADI?TEA;92
43313;GROPENI;92
43466;JIRLAU;92
43493;MARA?U;92
43563;MAXINENI;92
43625;MIRCEA VODA;92
43652;MOVILA MIRESII;92
43698;RACOVI?A;92
43732;R�MNICELU;92
43787;ROMANU;92
43812;RO?IORI;92
43867;SALCIA TUDOR;92
43929;SCOR?ARU NOU;92
43992;SILI?TEA;92
44060;STANCU?A;92
44113;SURDILA-GAISEANCA;92
42771;SURDILA-GRECI;92
44140;?U?E?TI;92
44177;TICHILE?TI;92
44202;TRAIAN;92
44257;TUDOR VLADIMIRESCU;92
44300;TUFE?TI;92
44328;ULMU;92
44355;UNIREA;92
44391;VADENI;92
44435;VICTORIA;92
44462;VI?ANI;92
44505;VIZIRU;92
44532;ZAVOAIA;92
44818;BUZAU;109
44845;R�MNICU SARAT;109
47916;NEHOIU;109
48325;PAT�RLAGELE;109
48744;POGOANELE;109
44863;AMARU;109
44934;BALTA ALBA;109
44989;BALACEANU;109
45003;BECENI;109
45101;BERCA;109
45245;BISOCA;109
45334;BLAJANI;109
45361;BOLDU;109
45389;BOZIORU;109
45496;BRADEANU;109
45539;BRAE?TI;109
45619;BREAZA;109
45673;BUDA;109
45815;C.A. ROSETTI;109
45753;CALVINI;109
45888;CANE?TI;109
45959;CATINA;109
46019;CERNATE?TI;109
46108;CHILIILE;109
46180;CHIOJDU;109
46251;CILIBIA;109
46313;CISLAU;109
46377;COCHIRLEANCA;109
46439;COL?I;109
46484;COSTE?TI;109
46554;COZIENI;109
50564;FLORICA;109
46769;GALBINA?I;109
46803;GHERASENI;109
46830;GHERGHEASA;109
46867;GLODEANU SARAT;109
46910;GLODEANU-SILI?TEA;109
47006;GREBANU;109
47079;GURA TEGHII;109
47159;LARGU;109
47186;LOPATARI;109
47300;LUCIU;109
47337;MAGURA;109
47373;MARACINENI;109
47417;MARGARITE?TI;109
47453;MEREI;109
47578;MIHAILE?TI;109
47630;M�NZALE?TI;109
47774;MOVILA BANULUI;109
47818;MURGE?TI;109
47854;NAENI;109
48021;ODAILE;109
48138;PADINA;109
48165;PARDO?I;109
48227;PANATAU;109
48487;PIETROASELE;109
48557;P�RSCOV;109
48682;PODGORIA;109
48771;PO?TA C�LNAU;109
48842;PUIE?TI;109
48922;RACOVI?ENI;109
48968;R�MNICELU;109
49019;ROBEASCA;109
49046;RU?E?U;109
49073;SAGEATA;109
49153;SAHATENI;109
49206;SAPOCA;109
49233;SARULE?TI;109
49313;SCOR?OASA;109
49439;SCUTELNICI;109
49484;SIRIU;109
49545;SMEENI;109
49625;ST�LPU;109
49643;TISAU;109
49769;TOPLICENI;109
49849;?INTE?TI;109
49894;ULMENI;109
50549;UNGURIU;109
49956;VADU PA?II;109
50022;VALEA R�MNICULUI;109
50068;VALEA SALCIEI;109
50102;VERNE?TI;109
50228;VINTILA VODA;109
50326;VIPERE?TI;109
50399;V�LCELELE;109
50415;ZARNE?TI;109
50479;ZIDURI;109
50790;RE?I?A;118
51010;CARANSEBE?;118
50889;ANINA;118
50923;BAILE HERCULANE;118
50969;BOC?A;118
51056;MOLDOVA NOUA;118
51118;ORAVI?A;118
51207;O?ELU RO?U;118
51243;ARMENI?;118
51305;BANIA;118
51332;BAU?AR;118
51387;BERLI?TE;118
51449;BERZASCA;118
51500;BERZOVIA;118
51546;BOLVA?NI?A;118
51573;BOZOVICI;118
51626;BREBU;118
51662;BREBU NOU;118
51699;BUCHIN;118
51751;BUCO?NI?A;118
51804;CARA?OVA;118
51840;CARBUNARI;118
51948;CICLOVA ROM�NA;118
51984;CIUCHICI;118
52035;CIUDANOVI?A;118
51877;CONSTANTIN DAICOVICIU;118
52062;COPACELE;118
52115;CORNEA;118
52160;CORNEREVA;118
53489;CORONINI;118
52570;DALBO?E?;118
52650;DOCLIN;118
52696;DOGNECEA;118
52721;DOMA?NEA;118
53700;EFTIMIE MURGU;118
52758;EZERI?;118
52785;F�RLIUG;118
52856;FOROTIC;118
52909;G�RNIC;118
52936;GLIMBOCA;118
52954;GORUIA;118
52990;GRADINARI;118
53023;IABLANI?A;118
53069;LAPU?NICEL;118
53103;LAPU?NICU MARE;118
53130;LUNCAVI?A;118
53167;LUPAC;118
53210;MARGA;118
53247;MAURENI;118
53274;MEHADIA;118
53327;MEHADICA;118
53345;NAIDA?;118
53372;OBREJA;118
50987;OCNA DE FIER;118
53425;PALTINI?;118
53513;POJEJENA;118
53577;PRIGOR;118
53639;RAMNA;118
53675;RACA?DIA;118
53728;RUSCA MONTANA;118
53755;SACU;118
53791;SASCA MONTANA;118
53853;SICHEVI?A;118
54056;SLATINA-TIMI?;118
54109;SOCOL;118
54163;?OPOTU NOU;118
54270;TEREGOVA;118
54305;TICVANIU MARE;118
54350;T�RNOVA;118
54387;TOPLE?;118
54412;TURNU RUIENI;118
54485;VALIUG;118
54500;VARADIA;118
54537;VERME?;118
54573;VRANI;118
54617;ZAVOI;118
54699;ZORLEN?U MARE;118
92569;CALARA?I;519
100610;OLTENI?A;519
101458;BUDE?TI;519
103032;FUNDULEA;519
93888;LEHLIU GARA;519
94125;ALEXANDRU ODOBESCU;519
101083;BELCIUGATELE;519
92961;BORCEA;519
101724;CASCIOARELE;519
101804;CHIRNOGI;519
101822;CHISELET;519
93085;CIOCANE?TI;519
180055;CRIV�?;519
102419;CURCANI;519
93281;CUZA VODA;519
93325;DICHISENI;519
93370;DOR MARUNT;519
93441;DOROBAN?U;519
93487;DRAGALINA;519
93539;DRAGO? VODA;519
102838;FRASINET;519
102945;FRUMU?ANI;519
103014;FUNDENI;519
179962;G�LBINA?I;519
93664;GRADI?TEA;519
103568;GURBANE?TI;519
103764;ILEANA;519
93771;INDEPENDEN?A;519
93815;JEGALIA;519
93851;LEHLIU;519
104083;LUICA;519
93931;LUP?ANU;519
104181;M�NASTIREA;519
100638;MITRENI;519
92587;MODELU;519
104323;NANA;519
104341;NICOLAE BALCESCU;519
94223;PERI?ORU;519
104635;PLATARE?TI;519
104751;RADOVANU;519
94312;ROSE?I;519
104886;SARULE?TI;519
105222;SOHATU;519
105259;SPAN?OV;519
105384;?OLDANU;519
94562;?TEFAN CEL MARE;519
94580;?TEFAN VODA;519
105455;TAMADAU MARE;519
105605;ULMENI;519
94606;ULMU;519
94651;UNIREA;519
105712;VALEA ARGOVEI;519
105829;VASILA?I;519
94731;V�LCELELE;519
94768;VLAD ?EPE?;519
54975;CLUJ-NAPOCA;127
55357;C�MPIA TURZII;127
55008;DEJ;127
55384;GHERLA;127
55259;TURDA;127
55446;HUEDIN;127
55473;AGHIRE?U;127
55598;AITON;127
55623;ALUNI?;127
55687;APAHIDA;127
55776;A?CHILEU;127
55838;BACIU;127
55918;BAI?OARA;127
56014;BELI?;127
56096;BOB�LNA;127
56210;BON?IDA;127
56265;BOR?A;127
56327;BUZA;127
56354;CAIANU;127
56425;CALARA?I;127
56461;CALA?ELE;127
56522;CAMARA?U;127
56568;CAPU?U MARE;127
56666;CA?EIU;127
56773;CATINA;127
56844;CEANU MARE;127
56988;CHINTENI;127
57083;CHIUIE?TI;127
57163;CIUCEA;127
57225;CIURILA;127
57314;C�?CAU;127
57350;COJOCNA;127
57449;CORNE?TI;127
55062;CUZDRIOARA;127
57546;DAB�CA;127
57582;FELEACU;127
57644;FIZE?U GHERLII;127
57706;FLORE?TI;127
57742;FRATA;127
57831;GEACA;127
57902;GILAU;127
57948;G�RBAU;127
58008;IARA;127
58142;ICLOD;127
58204;IZVORU CRI?ULUI;127
55106;JICHI?U DE JOS;127
58259;JUCU;127
58311;LUNA;127
58357;MAGURI-RACATAU;127
58393;MANASTIRENI;127
58464;MARGAU;127
58534;MARI?EL;127
55160;MICA;127
55277;MIHAI VITEAZU;127
58552;MINTIU GHERLII;127
58623;MOCIU;127
58721;MOLDOVENE?TI;127
60169;NEGRENI;127
58856;PANTICEU;127
58794;PALATCA;127
58918;PETRE?TII DE JOS;127
58990;PLOSCO?;127
59041;POIENI;127
59130;RECEA-CRISTUR;127
59238;R�?CA;127
59283;SACUIEU;127
55311;SANDULE?TI;127
59327;SAVADISLA;127
59434;S�NCRAIU;127
59498;S�NMARTIN;127
59416;SIC;127
59586;S�NPAUL;127
59657;SUATU;127
59693;TRITENII DE JOS;127
59764;TURENI;127
59826;?AGA;127
59880;UNGURA?;127
59942;VAD;127
60026;VALEA IERII;127
60062;VII?OARA;127
60099;VULTURENI;127
60419;CONSTAN?A;136
60482;MANGALIA;136
60847;MEDGIDIA;136
62360;MURFATLAR;136
61069;BANEASA;136
60776;CERNAVODA;136
60455;EFORIE;136
60801;H�R?OVA;136
60507;NAVODARI;136
62397;NEGRU VODA;136
60687;OVIDIU;136
60534;TECHIRGHIOL;136
60598;23.aug;136
60883;ADAMCLISI;136
60570;AGIGEA;136
60945;ALBE?TI;136
61005;ALIMAN;136
63198;AMZACEA;136
63294;BARAGANU;136
61121;CASTELU;136
61167;CERCHEZU;136
61210;CHIRNOGENI;136
61256;CIOBANU;136
61283;CIOC�RLIA;136
61318;COBADIN;136
61372;COGEALAC;136
61452;COMANA;136
61513;CORBU;136
63286;COSTINE?TI;136
61559;CRUCEA;136
61620;CUMPANA;136
63300;CUZA VODA;136
61675;DELENI;136
61737;DOBROMIR;136
63161;DUMBRAVENI;136
63334;F�NT�NELE;136
61808;G�RLICIU;136
61826;GHINDARE?TI;136
63326;GRADINA;136
63278;HORIA;136
61871;INDEPENDEN?A;136
61951;ION CORVIN;136
62020;ISTRIA;136
60632;LIMANU;136
62057;LIPNI?A;136
63152;LUMINA;136
62137;MERENI;136
62253;MIHAI VITEAZU;136
62191;MIHAIL KOGALNICEANU;136
62280;MIRCEA VODA;136
62440;NICOLAE BALCESCU;136
62486;OLTINA;136
62538;OSTROV;136
62609;PANTELIMON;136
62672;PECINEAGA;136
62707;PE?TERA;136
62761;POARTA ALBA;136
62798;RASOVA;136
63318;SALIGNY;136
62823;SARAIU;136
62878;SACELE;136
62903;SEIMENI;136
62949;SILI?TEA;136
62985;T�RGU?OR;136
63045;TOPALU;136
63072;TOPRAISAR;136
63189;TORTOMAN;136
60721;TUZLA;136
63125;VALU LUI TRAIAN;136
63170;VULTURU;136
63394;SF�NTU GHEORGHE;145
63740;T�RGU SECUIESC;145
63447;BARAOLT;145
63526;COVASNA;145
63580;�NTORSURA BUZAULUI;145
63777;AITA MARE;145
65113;ARCU?;145
63633;BARCANI;145
63802;BA?ANI;145
63866;BELIN;145
65121;BIXAD;145
63893;BODOC;145
63937;BORO?NEU MARE;145
64005;BRATE?;145
64041;BRADU?;145
64096;BRE?CU;145
64130;CATALINA;145
64194;CERNAT;145
64238;CHICHI?;145
63553;COMANDAU;145
65147;DALNIC;145
64265;DOB�RLAU;145
65154;ESTELNIC;145
64318;GHELIN?A;145
64345;GHIDFALAU;145
64390;HAGHIG;145
64425;ILIENI;145
64461;LEMNIA;145
64504;MALNA?;145
65105;MERENI;145
65139;MICFALAU;145
64568;MOAC?A;145
64602;OJDULA;145
64639;OZUN;145
64719;POIAN;145
64773;RECI;145
63688;SITA BUZAULUI;145
64826;S�NZIENI;145
64871;TURIA;145
64906;VALEA CRI?ULUI;145
65099;VALEA MARE;145
64942;V�LCELE;145
64997;V�RGHI?;145
65011;ZAGON;145
65048;ZABALA;145
65342;T�RGOVI?TE;154
65841; MORENI;154
65609;FIENI;154
65681;GAE?TI;154
65921;PUCIOASA;154
68627;RACARI;154
66081;TITU;154
65379;ANINOASA;154
66198;BALENI;154
66223;BARBULE?U;154
66330;BEZDEAD;154
66401;BILCIURE?TI;154
66152;BRANI?TEA;154
66009;BRANE?TI;154
101341;BREZOAELE;154
66438;BUCIUMENI;154
66474;BUC?ANI;154
101564;BUTIMANU;154
101840;CIOCANE?TI;154
66526;C�NDE?TI;154
66580;COBIA;154
66697;COJASCA;154
66731;COMI?ANI;154
66768;CON?E?TI;154
66857;CORBII MARI;154
66955;CORNA?ELU;154
67014;CORNE?TI;154
67121;COSTE?TII DIN VALE;154
102286;CREVEDIA;154
67167;CR�NGURILE;154
67256;DARMANE?TI;154
67292;DOBRA;154
65413;DOICE?TI;154
67327;DRAGODANA;154
67407;DRAGOMIRE?TI;154
67470;FINTA;154
67522;GLODENI;154
65707;GURA FOII;154
67595;GURA OCNI?EI;154
67648;GURA ?U?II;154
67675;HULUBE?TI;154
67737;I. L. CARAGIALE;154
65869;IEDERA;154
67773;LUCIENI;154
67835;LUDE?TI;154
67906;LUNGULE?U;154
67942;MALU CU FLORI;154
68002;MANE?TI;154
68048;MATASARU;154
68128;MOGO?ANI;154
68182;MOROENI;154
68253;MORTENI;154
65645;MO?AIENI;154
104387;NICULE?TI;154
68280;NUCET;154
68324;OCNI?A;154
68342;ODOBE?TI;154
179935;PER?INARI;154
65752;PETRE?TI;154
179908;PIETRARI;154
68404;PIETRO?I?A;154
68431;POIANA;154
68468;POTLOGI;154
68529;PRODULE?TI;154
68565;PUCHENI;154
179891;RACIU;154
179926;RASCAE?I;154
65431;RAZVAD;154
179917;R�U ALB;154
68716;RUNCU;154
68789;SALCIOARA;154
105142;SLOBOZIA MOARA;154
68887;?ELARU;154
65477;?OT�NGA;154
105534;TARTA?E?TI;154
68921;TATARANI;154
68976;ULIE?TI;154
65501;ULMI;154
69063;VALEA LUNGA;154
69170;VALEA MARE;154
69250;VACARE?TI;154
69303;VALENI-D�MBOVI?A;154
69330;VI?INA;154
69394;VI?INE?TI;154
69447;V�RFURI;154
179711;VLADENI;154
69526;VOINE?TI;154
69615;VULCANA-BAI;154
179640;VULCANA-PANDELE;154
69900;CRAIOVA;163
70316;BAILE?TI;163
70352;CALAFAT;163
70879;BECHET;163
72007;DABULENI;163
70414;FILIA?I;163
70502;SEGARCEA;163
70520;AFUMA?I;163
70566;ALMAJ;163
70637;AMARA?TII DE JOS;163
70673;AMARA?TII DE SUS;163
70726;APELE VII;163
70744;ARGETOAIA;163
70897;BISTRE?;163
70940;B�RCA;163
70968;BOTO?E?TI-PAIA;163
70986;BRABOVA;163
71126;BRALO?TI?A;163
71199;BRATOVOE?TI;163
71055;BRADE?TI;163
71260;BREASTA;163
69964;BUCOVA?;163
71340;BULZE?TI;163
71457;CALOPAR;163
71518;CARAULA;163
71536;CARPEN;163
71572;CASTRANOVA;163
74842;CATANE;163
71607;CALARA?I;163
74859;C�RCEA;163
74867;C�RNA;163
71634;CELARU;163
71698;CERAT;163
71723;CERNATE?TI;163
71787;CETATE;163
71812;CIOROIA?I;163
71858;CIUPERCENII NOI;163
71885;CO?OVENI;163
71910;CO?OFENII DIN DOS;163
74875;CO?OFENII DIN FA?A;163
71956;DANE?I;163
72034;DESA;163
72052;DIO?TI;163
72098;DOBRE?TI;163
74883;DOBROTE?TI;163
72150;DRAGOTE?TI;163
72221;DRANIC;163
72276;FARCA?;163
72383;GALICEA MARE;163
74891;GALICIUICA;163
72409;GHERCE?TI;163
74907;GHIDICI;163
74915;GHINDENI;163
72463;GIGHERA;163
72506;GIUBEGA;163
72533;GIURGI?A;163
72579;G�NGIOVA;163
72604;GOGO?U;163
72640;GOICEA;163
72677;GOIE?TI;163
72819;GRECE?TI;163
70094;I?ALNI?A;163
72882;IZVOARE;163
74923;�NTORSURA;163
72926;LEU;163
72953;LIPOVU;163
73031;MAGLAVIT;163
73068;MALU MARE;163
72980;MACE?U DE JOS;163
73013;MACE?U DE SUS;163
73102;MELINE?TI;163
73246;MISCHII;163
73317;M�R?ANI;163
73335;MO?A?EI;163
73371;MURGA?I;163
73460;NEGOI;163
73503;ORODEL;163
73567;OSTROVENI;163
73594;PERI?OR;163
73629;PIELE?TI;163
73665;PISCU VECHI;163
73709;PLENI?A;163
74931;PLE?OI;163
70110;PODARI;163
73736;POIANA MARE;163
73772;PREDE?TI;163
73852;RADOVAN;163
73905;RAST;163
73923;ROBANE?TI;163
74949;ROJI?TE;163
73996;SADOVA;163
74028;SALCU?A;163
74073;SCAE?TI;163
74108;SEACA DE C�MP;163
74135;SEACA DE PADURE;163
74171;SECU;163
74224;SILI?TEA CRUCII;163
74242;SOPOT;163
70174;?IMNICU DE SUS;163
74956;TALPA?;163
74322;TEASC;163
74359;TERPEZI?A;163
74411;TESLUI;163
74509;?UGLUI;163
74536;UNIREA;163
74554;URZICU?A;163
74581;VALEA STANCIULUI;163
74616;VELA;163
74705;VERBI?A;163
74732;V�RTOP;163
74750;V�RVORU DE JOS;163
75098;GALA?I;172
75203;TECUCI;172
75338;BERE?TI;172
75472;T�RGU BUJOR;172
75515;BARCEA;172
75542;BALABANE?TI;172
75613;BALA?E?TI;172
75668;BALENI;172
75686;BANEASA;172
75356;BERE?TI-MERIA;172
75711;BRANI?TEA;172
75766;BRAHA?E?TI;172
75819;BUCIUMENI;172
75864;CAVADINE?TI;172
75917;CER?E?TI;172
76004;CORNI;172
75953;COROD;172
76040;COSME?TI;172
76111;COSTACHE NEGRI;172
76139;CUCA;172
76157;CUDALBI;172
77595;CUZA VOD�;172
75221;DRAGANE?TI;172
76175;DRAGU?ENI;172
76255;F�R?ANE?TI;172
76282;FOLTE?TI;172
76317;FRUMU?I?A;172
76353;FUNDENI;172
76406;GHIDIGENI;172
76497;GOHOR;172
76558;GRIVI?A;172
76585;INDEPENDEN?A;172
76601;IVE?TI;172
76638;JORA?TI;172
76674;LIE?TI;172
76692;MATCA;172
76718;MASTACANI;172
76745;MOVILENI;172
75258;MUNTENI;172
76763;NAMOLOASA;172
77579;NEGRILE?TI;172
76807;NICORE?TI;172
76932;OANCEA;172
76969;PECHEA;172
76996;PISCU;172
77587;POIANA;172
77028;PRIPONE?TI;172
77561;RADE?TI;172
77082;REDIU;172
77153;SCHELA;172
77126;SC�NTEIE?TI;172
77180;SLOBOZIA CONACHI;172
77224;SM�RDAN;172
77260;SMUL?I;172
77288;SUCEVENI;172
77601;SUHURLUI;172
75114;?ENDRENI;172
77313;TUDOR VLADIMIRESCU;172
77331;TULUCE?TI;172
77377;?EPU;172
77402;UMBRARE?TI;172
77475;VALEA MARULUI;172
75150;V�NATORI;172
77509;V�RLEZI;172
77536;VLADE?TI;172
100521;GIURGIU;528
101190;BOLINTIN-VALE;528
104136;MIHAILE?TI;528
100781;ADUNA?II-COPACENI;528
101001;BANEASA;528
101163;BOLINTIN-DEAL;528
101378;BUC?ANI;528
101519;BULBUCATA;528
101617;BUTURUGENI;528
101662;CALUGARENI;528
101984;CLEJANI;528
102071;COLIBA?I;528
102106;COMANA;528
179748;COSOBA;528
102348;CREVEDIA MARE;528
102446;DAIA;528
102794;FLORE?TI-STOENE?TI;528
102909;FRATE?TI;528
103087;GAISENI;528
103194;GAUJANI;528
103238;GHIMPA?I;528
103309;GOGO?ARI;528
103372;GOSTINARI;528
103354;GOSTINU;528
103407;GRADINARI;528
103470;GREACA;528
179757;HERA?TI;528
103639;HOTARELE;528
103693;IEPURE?TI;528
179766;ISVOARELE;528
103899;IZVOARELE;528
103997;JOI?A;528
104047;LETCA NOUA;528
179739;MALU;528
104225;M�R?A;528
104118;MIHAI BRAVU;528
104485;OGREZENI;528
104519;OINACU;528
104680;PRUNDU;528
104715;PUTINEIU;528
104788;RASUCENI;528
104831;ROATA DE JOS;528
179775;SABARENI;528
104975;SCHITU;528
105106;SINGURENI;528
100549;SLOBOZIA;528
105295;STANE?TI;528
105348;STOENE?TI;528
154709;TOPORU;528
105623;ULMI;528
105776;VALEA DRAGULUI;528
105874;VARA?TI;528
105972;V�NATORII MICI;528
105909;VEDEA;528
77812;T�RGU JIU;181
78141;MOTRU;181
79308;BUMBE?TI-JIU;181
78258;NOVACI;181
82895;ROVINARI;181
82430;TISMANA;181
78329;T�RGU CARBUNE?TI;181
82617;TURCENI;181
78454;?ICLENI;181
78472;ALBENI;181
78542;ALIMPE?TI;181
78604;ANINOASA;181
78668;ARCANI;181
78711;BAIA DE FIER;181
78748;BALANE?TI;181
77910;BALE?TI;181
78828;BARBATE?TI;181
78873;BENGE?TI-CIOCADIA;181
78926;BERLE?TI;181
79004;B�LTENI;181
79077;BOLBO?I;181
79157;BORASCU;181
79237;BRANE?TI;181
79362;BUMBE?TI-PI?IC;181
79406;BUSTUCHIN;181
79497;CAPRENI;181
79585;CATUNELE;181
79656;CIUPERCENI;181
79736;C�LNIC;181
79834;CRASNA;181
79932;CRU?ET;181
80043;DANCIULE?TI;181
80123;DANE?TI;181
80249;DRAGOTE?TI;181
78016;DRAGU?E?TI;181
80285;FARCA?E?TI;181
80365;GLOGOVA;181
80427;GODINE?TI;181
80506;HUREZANI;181
80560;IONE?TI;181
80613;JUP�NE?TI;181
80677;LELE?TI;181
80711;LICURICI;181
80766;LOGRE?TI;181
80846;MATASARI;181
80908;MU?ETE?TI;181
80980;NEGOMIR;181
81095;PADE?;181
81184;PE?TI?ANI;181
81264;PLOP?ORU;181
81380;POLOVRAGI;181
81415;PRIGORIA;181
81497;RO?IA DE AMARADIA;181
81576;RUNCU;181
81656;SAMARINE?TI;181
81754;SACELU;181
81816;SAULE?TI;181
81987;SCHELA;181
81861;SCOAR?A;181
82047;SLIVILE?TI;181
82136;STANE?TI;181
82243;STEJARI;181
82314;STOINA;181
82396;TELE?TI;181
82555;TURBUREA;181
78089;TURCINE?TI;181
82680;?�N?ARENI;181
82733;URDARI;181
82779;VAGIULE?TI;181
82831;VLADIMIR;181
83320;MIERCUREA CIUC;190
83561; GHEORGHENI;190
83632; TOPLI?A;190
83133;ODORHEIU SECUIESC;190
83428;BAILE TU?NAD;190
83464;BALAN;190
83491;BORSEC;190
83525;CRISTURU SECUIESC;190
83749;VLAHI?A;190
83785;ATID;190
83847;AVRAME?TI;190
83936;BILBOR;190
83151;BRADE?TI;190
83963;CAP�LNI?A;190
84102;C�R?A;190
86461;CICEU;190
83981;CIUCS�NGEORGIU;190
84086;CIUMANI;190
84148;CORBU;190
84175;CORUND;190
86446;COZMENI;190
84237;DANE?TI;190
84264;DEALU;190
84344;DITRAU;190
84380;D�RJIU;190
83197;FELICENI;190
84415;FRUMOASA;190
84460;GALAU?A?;190
84558;JOSENI;190
84594;LAZAREA;190
86479;LELICENI;190
84629;LUETA;190
84656;LUNCA DE JOS;190
84754;LUNCA DE SUS;190
84825;LUPENI;190
86438;MADARA?;190
84923;MARTINI?;190
85056;MERE?TI;190
85074;MIHAILENI;190
85127;MUGENI;190
85243;OCLAND;190
83375;PAULENI-CIUC;190
85289;PLAIE?II DE JOS;190
86487;PORUMBENI;190
85341;PRAID;190
86495;RACU;190
85412;REMETEA;190
86501;SATU MARE;190
85467;SACEL;190
85528;SARMA?;190
85680;S�NCRAIENI;190
85788;S�NMARTIN;190
86519;S�NTIMBRU;190
85582;SECUIENI;190
85626;SICULENI;190
85760;S�NDOMINIC;190
85840;S�NSIMION;190
85877;SUBCETATE;190
85920;SUSENI;190
85984;?IMONE?TI;190
86453;TOME?TI;190
86133;TULGHE?;190
86188;TU?NAD;190
86222;ULIE?;190
86311;VAR?AG;190
86339;VO?LABENI;190
86366;ZETEA;190
86687;DEVA;207
87059; LUPENI;207
87175; VULCAN;207
87291;BRAD;207
86810;HUNEDOARA;207
87638;ORA?TIE;207
86990;PETRO?ANI;207
87219;ANINOASA;207
87424;CALAN;207
89561;GEOAGIU;207
87576;HA?EG;207
87077;PETRILA;207
87665;SIMERIA;207
87139;URICANI;207
87745;BAIA DE CRI?;207
87843;BAL?A;207
87996;BARU;207
88047;BACIA;207
88092;BAI?A;207
87246;BANI?A;207
88216;BATR�NA;207
88261;BERIU;207
88350;BLAJENI;207
88449;BO?OROD;207
88546;BRANI?CA;207
88644;BRETEA ROM�NA;207
88788;BUCE?;207
88868;BUCURE?CI;207
88920;BULZE?TII DE SUS;207
89026;BUNILA;207
89080;BURJUC;207
86749;C�RJI?I;207
89151;CERBAL;207
89240;CERTEJU DE SUS;207
87362;CRI?CIOR;207
89348;DENSU?;207
89428;DOBRA;207
91731;GENERAL BERTHELOT;207
86883;GHELARI;207
89687;GURASADA;207
89801;HARAU;207
89856;ILIA;207
89954;LAPUGIU DE JOS;207
90066;LELESE;207
90119;LUNCA CERNII DE JOS;207
90208;LUNCOIU DE JOS;207
90262;MARTINE?TI;207
90342;ORA?TIOARA DE SUS;207
90431;PESTI?U MIC;207
90538;PUI;207
90663;RAPOLTU MARE;207
90725;RACHITOVA;207
90878;R�U DE MORI;207
90805;RIBI?A;207
90994;ROMOS;207
91054;SARMIZEGETUSA;207
91116;SALA?U DE SUS;207
91232;S�NTAMARIA-ORLEA;207
91330;?OIMU?;207
86936;TELIUCU INFERIOR;207
91447;TOME?TI;207
91535;TOPLI?A;207
91624;TOTE?TI;207
91688;TURDA?;207
91795;VA?A DE JOS;207
91937;VALI?OARA;207
91982;VE?EL;207
92097;VOR?A;207
92177;ZAM;207
92658;SLOBOZIA;216
92701;FETE?TI;216
100683;URZICENI;216
92836;AMARA;216
93067;CAZANE?TI;216
102749;FIERBIN?I-T�RG;216
92765;?ANDAREI;216
100754;AD�NCATA;216
92783;ALBE?TI;216
100852;ALEXENI;216
92872;ANDRA?E?TI;216
100870;ARMA?E?TI;216
100923;AXINTELE;216
92907;BALACIU;216
101056;BARCANE?TI;216
180064;B�RBULE?TI;216
179784;BORANE?TI;216
92989;BORDU?ANI;216
93021;BUCU;216
179793;BUE?TI;216
100709;CIOC�RLIA;216
93101;CIOCHINA;216
93156;CIULNI?A;216
93209;COCORA;216
179971;COLELIA;216
93236;COS�MBE?TI;216
102240;CO?ERENI;216
102641;DRAGOE?TI;216
102703;DRIDU;216
93575;FACAENI;216
103283;G�RBOVI;216
93600;GHEORGHE DOJA;216
93628;GHEORGHE LAZAR;216
93646;GIURGENI;216
93717;GRINDU;216
93735;GRIVI?A;216
180046;GURA IALOMI?EI;216
103862;ION ROATA;216
103960;JILAVELE;216
179800;MAIA;216
100736;MANASIA;216
93995;MIHAIL KOGALNICEANU;216
94045;MILO?E?TI;216
179980;M�RCULE?TI;216
179999;MOLDOVENI;216
94081;MOVILA;216
104270;MOVILI?A;216
94107;MUNTENI-BUZAU;216
179819;OGRADA;216
94161;PERIE?I;216
180000;PLATONE?TI;216
101243;RADULE?TI;216
94269;REVIGA;216
179828;RO?IORI;216
94330;SALCIOARA;216
94376;SAVENI;216
94429;SC�NTEIA;216
94456;SF�NTU GHEORGHE;216
105026;SINE?TI;216
180019;S�R�?ENI;216
94492;STELNICA;216
94535;SUDI?I;216
179702;TRAIAN;216
94688;VALEA CIORII;216
105794;VALEA MACRI?ULUI;216
94795;VLADENI;216
95060;IA?I;225
95391;PA?CANI;225
98373;PODU ILOAIEI;225
95355;H�RLAU;225
95471;T�RGU FRUMOS;225
95612;ALEXANDRU I. CUZA;225
95667;ANDRIE?ENI;225
95747;ARONEANU;225
100273;BAL?;225
95792;BAL?A?I;225
95872;BELCE?TI;225
95943;BIVOLARI;225
95088;B�RNOVA;225
96058;BRAE?TI;225
96110;BUTEA;225
96147;CEPLENI?A;225
100362;CIOHORANI;225
96192;CIORTE?TI;225
96254;CIUREA;225
96334;COARNELE CAPREI;225
96370;COMARNA;225
100282;COSTE?TI;225
96423;COSTULENI;225
96478;COTNARI;225
96593;COZME?TI;225
96637;CRISTE?TI;225
96664;CUCUTENI;225
96717;DAG�?A;225
96815;DELENI;225
96888;DOBROVA?;225
96904;DOLHE?TI;225
100308;DRAGU?ENI;225
96940;DUME?TI;225
97009;ERBICENI;225
100317;F�NT�NELE;225
97063;FOCURI;225
97090;GOLAIE?TI;225
97189;GORBAN;225
97241;GRAJDURI;225
97321;GROPNI?A;225
97394;GROZE?TI;225
97438;HALAUCE?TI;225
100326;HARMANE?TI;225
97465;HELE?TENI;225
95159;HOLBOCA;225
97517;HORLE?TI;225
95499;ION NECULCE;225
97553;IPATELE;225
97606;LESPEZI;225
97679;LE?CANI;225
97722;LUNGANI;225
97777;MAD�RJAC;225
97811;MIRCE?TI;225
97875;MIRONEASA;225
97919;MIROSLAVA;225
98051;MIROSLOVE?TI;225
98113;MOGO?E?TI;225
98168;MOGO?E?TI-SIRET;225
98202;MO?NA;225
98220;MO?CA;225
98257;MOVILENI;225
98300;O?ELENI;225
98337;PLUGARI;225
98435;POPE?TI;225
98505;POPRICANI;225
98603;PRISACANI;225
98649;PROBOTA;225
100335;RACHI?ENI;225
98685;RADUCANENI;225
95239;REDIU;225
98738;ROM�NE?TI;225
100344;RO?CANI;225
98774;RUGINOASA;225
98827;SCHITU DUCA;225
98916;SC�NTEIA;225
98998;SCOBIN?I;225
99058;SINE?TI;225
99101;SIRE?EL;225
99165;STOLNICENI-PRAJESCU;225
99209;STRUNGA;225
99290;?CHEIA;225
99370;?IPOTE;225
99441;TANSA;225
99478;TATARU?I;225
99539;TODIRE?TI;225
95293;TOME?TI;225
99600;TRIFE?TI;225
99673;?IBANA;225
99780;?IBANE?TI;225
99879;?IGANA?I;225
99922;?U?ORA;225
96003;UNGHENI;225
100353;VALEA LUPULUI;225
99968;VALEA SEACA;225
100004;VICTORIA;225
100086;V�NATORI;225
100148;VLADENI;225
100219;VOINE?TI;225
179221;BRAGADIRU;234
179285;CHITILA;234
179409;MAGURELE;234
179515;PANTELIMON;234
100576;BUFTEA;234
179481;OTOPENI;234
179533;POPE?TI LEORDENI;234
179551;VOLUNTARI;234
102543;01.dec;234
100834;AFUMA?I;234
100969;BALOTE?TI;234
101145;BERCENI;234
101298;BRANE?TI;234
101742;CERNICA;234
179249;CHIAJNA;234
101902;CIOLPANI;234
101957;CIOROG�RLA;234
102035;CLINCENI;234
179588;COP�CENI;234
102160;CORBEANCA;234
102213;CORNETU;234
102473;DASCALU;234
102525;DARA?TI-ILFOV;234
179310;DOBROE?TI;234
102570;DOMNE?TI;234
102605;DRAGOMIRE?TI-VALE;234
103130;GANEASA;234
179347;GLINA;234
103443;GRADI?TEA;234
103513;GRUIU;234
179383;JILAVA;234
104243;MOARA VLASIEI;234
179463;MOGO?OAIA;234
104421;NUCI;234
104546;PERI?;234
104582;PETRACHIOAIA;234
105160;SNAGOV;234
105419;?TEFANE?TII DE JOS;234
105570;TUNARI;234
105936;VIDRA;234
106318;BAIA MARE;243
106559;SIGHETU MARMA?IEI;243
106684;BAIA SPRIE;243
106746;BOR?A;243
106782;CAVNIC;243
108017;DRAGOMIRE?TI;243
108892;SALI?TEA DE SUS;243
108963;SEINI;243
109176;?OMCUTA MARE;243
106461;TAU?II-MAGHERAU?;243
106817;T�RGU LAPU?;243
109265;ULMENI;243
106979;VI?EU DE SUS;243
107001;ARDUSAT;243
107047;ARINI?;243
107083;ASUAJU DE SUS;243
107118;BAI?A DE SUB CODRU;243
107154;BAIU?;243
107190;BASE?TI;243
107314;B�RSANA;243
107234;BICAZ;243
107270;BISTRA;243
107350;BOCICOIU MARE;243
107403;BOGDAN VODA;243
107430;BOIU MARE;243
107485;BOTIZA;243
107519;BUDE?TI;243
107546;CALINE?TI;243
107582;CERNE?TI;243
107662;CIC�RLAU;243
107715;C�MPULUNG LA TISA;243
179837;COA?;243
179846;COLTAU;243
107733;COPALNIC-MANA?TUR;243
107868;COROIENI;243
107920;CUP?ENI;243
107975;DESE?TI;243
108035;DUMBRAVI?A;243
108106;FARCA?A;243
179855;G�RDANI;243
108151;GIULE?TI;243
106363;GRO?I;243
179622;GRO?II ?IBLE?ULUI;243
108204;IEUD;243
108222;LAPU?;243
108240;LEORDINA;243
108268;MIRE?U MARE;243
108348;MOISEI;243
108366;OAR?A DE JOS;243
108400;OCNA ?UGATAG;243
179864;ONCE?TI;243
108455;PETROVA;243
108473;POIENILE DE SUB MUNTE;243
179604;POIENILE IZEI;243
106407;RECEA;243
108491;REMETEA CHIOARULUI;243
108552;REME?I;243
108598;REPEDEA;243
108614;RONA DE JOS;243
108632;RONA DE SUS;243
108669;ROZAVLEA;243
108696;RUSCOVA;243
106620;SARASAU;243
108712;SATULUNG;243
108794;SACALA?ENI;243
108874;SACEL;243
108918;SALSIG;243
108945;SAP�N?A;243
109005;STR�MTURA;243
109041;SUCIU DE SUS;243
179613;?IEU;243
109096;?ISE?TI;243
106648;VADU IZEI;243
109354;VALEA CHIOARULUI;243
109425;VIMA MICA;243
109504;VI?EU DE JOS;243
109773;DROBETA-TURNU SEVERIN;252
110063;OR?OVA;252
109924;BAIA DE ARAMA;252
110116;STREHAIA;252
110232;V�NJU MARE;252
110296;BALA;252
110456;BALTA;252
110535;BALACI?A;252
110571;B�CLE?;252
110688;B�LVANE?TI;252
114060;BRANI?TEA;252
110740;BREZNI?A-MOTRU;252
110820;BREZNI?A-OCOL;252
110875;BRO?TENI;252
110946;BURILA MARE;252
111006;BUTOIE?TI;252
111097;CAZANE?TI;252
111220;CIRE?U;252
111275;CORCOVA;252
111417;CORLA?EL;252
111444;CUJMIR;252
111480;DEVESEL;252
111550;D�RVARI;252
112904;DUBOVA;252
111587;DUMBRAVA;252
112245;E?ELNI?A;252
111685;FLORE?TI;252
111783;G�RLA MARE;252
111818;GODEANU;252
111863;GOGO?U;252
111916;GRECI;252
111989;GROZE?TI;252
112030;GRUIA;252
112076;HINOVA;252
112129;HUSNICIOARA;252
112263;ILOVA?;252
112334;ILOVI?A;252
112370;ISVERNA;252
112469;IZVORU B�RZII;252
112548;JIANA;252
112600;LIVEZILE;252
112664;MALOVA?;252
112744;OB�R?IA DE C�MP;252
110027;OB�R?IA-CLO?ANI;252
112771;OPRI?OR;252
112806;PADINA;252
112879;PATULELE;252
112959;PODENI;252
112995;PONOARELE;252
113153;POROINA MARE;252
113206;PRISTOL;252
113233;PRUNI?OR;252
113395;PUNGHINA;252
113466;ROGOVA;252
113493;SALCIA;252
113518;ST�NGACEAUA;252
113607;SVINI?A;252
109826;?IMIAN;252
113625;?I?E?TI;252
113698;?OVARNA;252
113732;T�MNA;252
113849;V�NATORI;252
113894;V�NJULE?;252
113929;VLADAIA;252
113974;VOLOIAC;252
114079;VRATA;252
114319;T�RGU MURE?;261
114809;REGHIN;261
114514;SIGHI?OARA;261
114925;T�RNAVENI;261
119331;  S�NGEORGIU DE PADURE;261
117827;IERNUT;261
114710;LUDU?;261
118281;MIERCUREA NIRAJULUI;261
119242;SARMA?U;261
114854;SOVATA;261
119894;UNGHENI;261
114970;ACA?ARI;261
115076;ADAMU?;261
114603;ALBE?TI;261
115147;ALUNI?;261
115183;APOLD;261
115236;A?INTI?;261
115307;BAHNEA;261
115389;BAND;261
115520;BATO?;261
115575;BAGACIU;261
115600;BALA;261
115637;BALAU?ERI;261
115708;BEICA DE JOS;261
120511;BERENI;261
115771;BICHI?;261
115824;BOGATA;261
115851;BREAZA;261
115897;BR�NCOVENE?TI;261
115959;CEUA?U DE C�MPIE;261
116046;CHE?ANI;261
120478;CHIBED;261
116126;CHIHERU DE JOS;261
116171;COROIS�NMARTIN;261
120487;CORUNCA;261
116224;COZMA;261
116288;CRACIUNE?TI;261
116340;CRAIE?TI;261
114355;CRISTE?TI;261
116395;CUCERDEA;261
116439;CUCI;261
116493;DANE?;261
116545;DEDA;261
116590;EREMITU;261
116652;ERNEI;261
116723;FARAGAU;261
116796;F�NT�NELE;261
116867;GALE?TI;261
116938;GANE?TI;261
116983;GHEORGHE DOJA;261
117042;GHINDARI;261
117113;GLODENI;261
117177;GORNE?TI;261
117275;GREBENI?U DE C�MPIE;261
117319;GURGHIU;261
117426;HODAC;261
117505;HODO?A;261
117550;IBANE?TI;261
117667;ICLANZEL;261
117783;IDECIU DE JOS;261
117925;LIVEZENI;261
117998;LUNCA;261
118058;LUNCA BRADULUI;261
120502;MADARA?;261
118094;MAGHERANI;261
118209;MICA;261
118370;MIHE?U DE C�MPIE;261
118469;NADE?;261
118511;NEAUA;261
118575;OGRA;261
118637;PAPIU ILARIAN;261
118691;PANET;261
118753;PASARENI;261
118799;PETELEA;261
118824;POGACEAUA;261
118931;RASTOLI?A;261
118995;R�CIU;261
119153;RU?II-MUN?I;261
119206;SASCHIZ;261
120496;SARA?ENI;261
119386;S�NGER;261
114382;S�NCRAIU DE MURE?;261
114417;S�NGEORGIU DE MURE?;261
119466;S�NPAUL;261
119527;S�NPETRU DE C�MPIE;261
114453;S�NTANA DE MURE?;261
119590;SOLOVASTRU;261
119625;ST�NCENI;261
119661;SUPLAC;261
119723;SUSENI;261
119750;?AULIA;261
119803;?INCAI;261
119858;TAURENI;261
119974;VALEA LARGA;261
120076;VARGATA;261
120138;VATAVA;261
120174;VE?CA;261
120218;VII?OARA;261
120254;V�NATORI;261
120316;VOIVODENI;261
120343;ZAGAR;261
120370;ZAU DE C�MPIE;261
120726;PIATRA-NEAM?;270
120860;ROMAN;270
120968;BICAZ;270
124117;ROZNOV;270
121055;T�RGU NEAM?;270
121108;AGAPIA;270
124938;ALEXANDRU CEL BUN;270
121153;BAHNA;270
121242;BAL?ATE?TI;270
121297;BICAZ-CHEI;270
121340;BICAZU ARDELEAN;270
121386;BIRA;270
121466;B�RGAUANI;270
121607;BODE?TI;270
125178;BOGHICEA;270
121652;BORCA;270
121732;BORLE?TI;270
121796;BOTE?TI;270
121876;BOZIENI;270
121938;BRUSTURI;270
122025;CEAHLAU;270
122061;C�NDE?TI;270
120888;CORDUN;270
122132;COSTI?A;270
122187;CRACAOANI;270
122249;DAMUC;270
122285;DOBRENI;270
125098;DOCHIA;270
122347;DOLJE?TI;270
122392;DRAGOMIRE?TI;270
125132;DRAGANE?TI;270
122463;DULCE?TI;270
120771;DUMBRAVA RO?IE;270
122551;FARCA?A;270
122613;FAUREI;270
125150;G�DIN?I;270
122668;GHERAE?TI;270
125114;GHINDAOANI;270
122702;GIROV;270
122828;G�RCINA;270
122864;GRIN?IE?;270
122908;GRUMAZE?TI;270
122953;HANGU;270
120922;HORIA;270
123013;ICU?E?TI;270
123102;ION CREANGA;270
123175;MARGINENI;270
123228;MOLDOVENI;270
125169;NEGRE?TI;270
123255;ONICENI;270
123371;PASTRAVENI;270
125141;P�NCE?TI;270
123424;PETRICANI;270
123479;PIATRA ?OIMULUI;270
123521;PIPIRIG;270
123601;P�NGARA?I;270
123674;PODOLENI;270
123790;POIANA TEIULUI;270
123709;POIENARI;270
123914;RAUCE?TI;270
123969;RAZBOIENI;270
124028;REDIU;270
124073;ROM�NI;270
125105;RUGINOASA;270
124153;SAGNA;270
124206;SABAOANI;270
120824;SAVINE?TI;270
124233;SECUIENI;270
124331;STANI?A;270
124411;?TEFAN CEL MARE;270
124493;TARCAU;270
124563;TA?CA;270
124616;TAZLAU;270
124634;TAMA?ENI;270
124661;TIMI?E?TI;270
124723;TRIFE?TI;270
124750;TUPILA?I;270
124803;?IBUCANI;270
124849;URECHENI;270
124885;VALEA URSULUI;270
125123;VALENI;270
125016;V�NATORI-NEAM?;270
125061;ZANE?TI;270
125347;SLATINA;289
125472;CARACAL;289
125418;BAL?;289
125542;CORABIA;289
125622;DRAGANE?TI-OLT;289
128105;PIATRA-OLT;289
128374;POTCOAVA;289
128711;SCORNICE?TI;289
125677;BALDOVINE?TI;289
125659;BABICIU;289
130286;BALTENI;289
125757;BARA?TI;289
125846;B�RZA;289
125873;BOBICE?TI;289
125962;BRASTAVA?U;289
125999;BREBENI;289
126022;BR�NCOVENI;289
126077;BUCINI?U;289
130295;CALUI;289
126102;CEZIENI;289
126148;CILIENI;289
126166;C�RLOGANI;289
126228;COLONE?TI;289
126326;CORBU;289
126380;COTEANA;289
126406;CR�MPOIA;289
126503;CUNGREA;289
126433;CURTI?OARA;289
126585;DANEASA;289
126647;DEVESELU;289
126674;DOBRE?U;289
126718;DOBROSLOVENI;289
126772;DOBROTEASA;289
126825;DOBRUN;289
125490;DRAGHICENI;289
126905;FAGE?ELU;289
126978;FALCOIU;289
127019;FARCA?ELE;289
127064;GANEASA;289
130302;GAVANE?TI;289
130311;GHIMPE?ENI;289
127126;GIUVARA?TI;289
125588;G�RCOV;289
127144;GOSTAVA?U;289
127171;GRADINARI;289
130320;GRADINILE;289
127224;GROJDIBODU;289
130339;GURA PADINII;289
127251;IANCA;289
127288;IANCU JIANU;289
127322;ICOANA;289
130348;IPOTESTI;289
127368;IZBICENI;289
127386;IZVOARELE;289
127411;LELEASCA;289
127493;MARUN?EI;289
127536;MIHAE?TI;289
127563;MILCOV;289
127625;MORUNGLAV;289
127689;MOVILENI;289
127714;NICOLAE TITULESCU;289
127750;OB�R?IA;289
127812;OBOGA;289
127858;OPORELU;289
127901;OPTA?I-MAGURA;289
127938;ORLEA;289
130357;OSICA DE JOS;289
127983;OSICA DE SUS;289
128178;P�R?COVENI;289
128052;PERIE?I;289
128221;PLE?OIU;289
128301;POBORU;289
128436;PRISEACA;289
128472;RADOMIRE?TI;289
128524;REDEA;289
128560;ROTUNDA;289
128588;RUSANE?TI;289
130366;S�RBII - MAGURA;289
128613;SCARI?OARA;289
128659;SCHITU;289
128864;SEACA;289
128882;S�MBURE?TI;289
125374;SLATIOARA;289
128962;SPINENI;289
129040;SPR�NCENATA;289
129095;STOENE?TI;289
129111;STOICANE?TI;289
129139;STREJE?TI;289
129184;STUDINA;289
129246;?ERBANE?TI;289
130384;?OP�RLI?A;289
129282;?TEFAN CEL MARE;289
129317;TATULE?TI;289
129380;TESLUI;289
129460;TIA MARE;289
129503;TOPANA;289
129567;TRAIAN;289
129585;TUFENI;289
129629;URZICA;289
129656;VALEA MARE;289
129718;VADASTRA;289
129745;VADASTRI?A;289
129763;VALENI;289
129816;VERGULEASA;289
129898;VI?INA;289
130375;VI?INA NOUA;289
129914;VITOMIRE?TI;289
129987;V�LCELE;289
130026;VLADILA;289
130062;VOINEASA;289
130124;VULPENI;289
130231;VULTURE?TI;289
130534;PLOIE?TI;298
131256;C�MPINA;298
130954;AZUGA;298
130981;BAICOI;298
131069;BOLDE?TI-SCAENI;298
131103;BREAZA;298
131210;BU?TENI;298
131336;COMARNIC;298
131407;MIZIL;298
131443;PLOPENI;298
131540;SINAIA;298
131577;SLANIC;298
131620;URLA?I;298
131817;VALENII DE MUNTE;298
131899;ADUNA?I;298
131933;ALBE?TI-PALEOLOGU;298
131988;ALUNI?;298
132011;APOSTOLACHE;298
132075;ARICE?TII RAHTIVANI;298
132137;ARICE?TII ZELETIN;298
132164;BABA ANA;298
132226;BALTA DOAMNEI;298
132271;BAL?E?TI;298
132315;BANE?TI;298
130552;BARCANE?TI;298
136278;B�TR�NI;298
130614;BERCENI;298
132342;BERTEA;298
130678;BLEJOI;298
132379;BOLDE?TI-GRADI?TEA;298
130712;BRAZI;298
132404;BREBU;298
130785;BUCOV;298
132459;CALUGARENI;298
132486;CARBUNE?TI;298
132510;CEPTURA;298
132574;CERA?U;298
132645;CHIOJDEANCA;298
132681;CIORANI;298
136241;COCORASTII COLT;298
132716;COCORA?TII MISLII;298
132752;COLCEAG;298
132805;CORNU;298
132841;COSMINELE;298
132896;DRAJNA;298
133018;DRAGANE?TI;298
133090;DUMBRAVA;298
131461;DUMBRAVE?TI;298
133278;F�NT�NELE;298
133161;FILIPE?TII DE PADURE;298
133214;FILIPE?TII DE T�RG;298
133330;FLORE?TI;298
133394;FULGA;298
133429;GHERGHI?A;298
133508;GORGOTA;298
133562;GORNET;298
133615;GORNET-CRICOV;298
133688;GURA VADULUI;298
131835;GURA VITIOAREI;298
133722;IORDACHEANU;298
133795;IZVOARELE;298
133866;JUGURENI;298
133919;LAPO?;298
133964;LIPANE?TI;298
134014;MAGURELE;298
134050;MAGURENI;298
134096;MANECIU;298
134194;MANE?TI;298
136250;OLARI;298
134336;PACURE?I;298
130847;PAULE?TI;298
134390;PLOPU;298
134443;PODENII NOI;298
131274;POIANA C�MPINA;298
134559;POIENARII BURCHII;298
134648;POSE?TI;298
134755;PREDEAL-SARARI;298
134853;PROVI?A DE JOS;298
134899;PROVI?A DE SUS;298
134942;PUCHENII MARI;298
135020;R�FOV;298
135128;SALCIA;298
135146;SALCIILE;298
135164;SCOR?ENI;298
135226;SECARIA;298
135244;S�NGERU;298
135315;STARCHIOJD;298
135404;SURANI;298
135431;?IRNA;298
135501;?OIMARI;298
135547;?OTRILE;298
135618;?TEFE?TI;298
135654;TALEA;298
135681;TATARU;298
135725;TEI?ANI;298
135789;TELEGA;298
135850;TINOSU;298
130892;T�RG?ORU VECHI;298
135896;TOM?ANI;298
136269;VADU SAPAT;298
135949;VALEA CALUGAREASCA;298
136107;VALEA DOFTANEI;298
136134;VARBILAU;298
136198;V�LCANE?TI;298
136483;SATU MARE;305
136526;CAREI;305
138039;LIVADA;305
136848;ARDUD;305
136599;NEGRE?TI-OA?;305
136642;TA?NAD;305
136713;AC�?;305
179873;AGRI?;305
136768;ANDRID;305
136802;APA;305
136919;BATARCI;305
136964;BELTIUG;305
137032;BERVENI;305
137069;BIXAD;305
137103;B�RSAU;305
137130;BOGDAND;305
137185;BOTIZ;305
137229;CALINE?TI-OA?;305
137274;CAMARZANA;305
179677;CAMIN;305
136553;CAPLENI;305
137292;CAUA?;305
137363;CEHAL;305
137407;CERTEZE;305
179882;CIUME?TI;305
137443;CRAIDOROL?;305
137504;CRUCI?OR;305
137540;CULCIU;305
137611;DOBA;305
137675;DOROL?;305
137728;FOIENI;305
137746;GHER?A MICA;305
137764;HALMEU;305
137844;HODOD;305
137899;HOMOROADE;305
137960;LAZURI;305
138084;MEDIE?U AURIT;305
138164;MICULA;305
138208;MOFTIN;305
138280;ODOREU;305
138351;ORA?U NOU;305
138431;PAULE?TI;305
138501;PETRE?TI;305
138538;PIR;305
138574;PI?COLT;305
138618;POMI;305
180028;PORUMBE?TI;305
180091;RAC?A;305
138663;SANISLAU;305
138734;SANTAU;305
138770;SACA?ENI;305
138805;SAUCA;305
138869;SOCOND;305
138921;SUPUR;305
139009;TARNA MARE;305
139054;TEREBE?TI;305
139107;TIREAM;305
139143;T�R?OL?;305
139170;TUR?;305
139214;TURULUNG;305
139250;URZICENI;305
139287;VALEA VINULUI;305
139330;VAMA;305
139358;VETI?;305
139394;VIILE SATU MARE;305
139704;ZALAU;314
139740;CEHU SILVANIEI;314
139811;JIBOU;314
139884;?IMLEU SILVANIEI;314
139937;AGRIJ;314
139982;ALMA?U;314
140084;BABENI;314
140146;BALAN;314
140208;BANI?OR;314
140244;BENESAT;314
140280;BOBOTA;314
140324;BOC?A;314
180037;BOGHI?;314
140379;BUCIUMI;314
140440;CAMAR;314
140477;CARASTELEC;314
140501;CHIE?D;314
140547;CIZER;314
140583;CO?EIU;314
140627;CRASNA;314
140672;CREACA;314
140770;CRISTOL?;314
140823;CRI?ENI;314
140869;CUZAPLAC;314
140958;DOBRIN;314
141027;DRAGU;314
141081;FILDU DE JOS;314
141134;G�LGAU;314
141232;G�RBOU;314
141312;HALMA?D;314
141376;HERECLEAN;314
141447;HIDA;314
141535;HOROATU CRASNEI;314
141580;ILEANDA;314
141722;IP;314
141786;LETCA;314
141884;LOZNA;314
141946;MARCA;314
142006;MAERI?TE;314
142079;MESE?ENII DE JOS;314
142122;MIR?ID;314
142177;NAPRADEA;314
142239;NU?FALAU;314
142284;PERICEI;314
142337;PLOPI?;314
142373;POIANA BLENCHII;314
142426;ROM�NA?I;314
142499;RUS;314
142550;SALA?IG;314
142612;S�G;314
142676;S�NMIHAIU ALMA?ULUI;314
142710;SOME?-ODORHEI;314
142774;SURDUC;314
142854;?AM?UD;314
142881;?ARMA?AG;314
179695;?IMI?NA;314
179631;TREZNEA;314
142952;VALCAU DE JOS;314
143021;V�R?OL?;314
143067;ZALHA;314
143147;ZIMBOR;314
143450;SIBIU;323
143619;MEDIA?;323
143682;AGNITA;323
144054;AVRIG;323
143735;CISNADIE;323
143771;COP?A MICA;323
143806;DUMBRAVENI;323
144928;MIERCUREA SIBIULUI;323
143851;OCNA SIBIULUI;323
145499;SALI?TE;323
145827;TALMACIU;323
146012;ALMA;323
143888;AL?INA;323
143922;APOLDU DE JOS;323
143959;ARPA?U DE JOS;323
143995;A?EL;323
144116;AXENTE SEVER;323
144152;BAZNA;323
144198;BIERTAN;323
144232;B�RGHI?;323
144303;BLAJEL;323
146021;BOI?A;323
144349;BRATEIU;323
144376;BRADENI;323
144410;BRUIU;323
144456;CHIRPAR;323
144508;C�R?A;323
144535;C�R?I?OARA;323
143487;CRISTIAN;323
144553;D�RLOS;323
144599;GURA R�ULUI;323
144615;HOGHILAG;323
144651;IACOBENI;323
144713;JINA;323
144731;LASLEA;323
144795;LOAMNE?;323
144866;LUDO?;323
144893;MARPOD;323
144964;MERGHINDEAL;323
144991;MICASASA;323
145042;MIHAILENI;323
145104;MO?NA;323
145140;NOCRICH;323
145202;ORLAT;323
145220;PAUCA;323
145275;POIANA SIBIULUI;323
143502;POPLACA;323
145293;PORUMBACU DE JOS;323
145355;RACOVI?A;323
143520;RA?INARI;323
145382;R�U SADULUI;323
145408;RO?IA;323
145471;SADU;323
145603;SLIMNIC;323
145667;?EICA MARE;323
145738;?EICA MICA;323
143557;?ELIMBAR;323
145765;?URA MARE;323
145792;?URA MICA;323
145907;TILI?CA;323
143646;T�RNAVA;323
145934;TURNU RO?U;323
145961;VALEA VIILOR;323
145998;VURPAR;323
146263;SUCEAVA;332
146502;C�MPULUNG MOLDOVENESC;332
146539;FALTICENI;332
146628;RADAU?I;332
146744;VATRA DORNEI;332
147358;BRO?TENI;332
147633;CAJVANA;332
148006;DOLHASCA;332
148612;FRASIN;332
146584;GURA HUMORULUI;332
149227;LITENI;332
146931;MILI?AU?I;332
146370;SALCEA;332
146655;SIRET;332
146708;SOLCA;332
151095;VICOVU DE SUS;332
146799;AD�NCATA;332
146860;ARBORE;332
146904;BAIA;332
151530;BALACEANA;332
146995;BALCAU?I;332
151576;BERCHI?E?TI;332
147036;BILCA;332
147054;BOGDANE?TI;332
147072;BOROAIA;332
147134;BOSANCI;332
147161;BOTO?ANA;332
147205;BREAZA;332
147241;BRODINA;332
147465;BUNE?TI;332
151521;BURLA;332
147526;CACICA;332
147580;CALAFINDE?TI;332
151503;CAPU C�MPULUI;332
151451;CIOCANE?TI;332
151567;CIPRIAN PORUMBESCU;332
147713;C�RLIBABA;332
151433;COMANE?TI;332
147786;CORNU LUNCII;332
151497;CO?NA;332
147884;CRUCEA;332
147937;DARMANE?TI;332
148097;DOLHE?TI;332
148202;DORNA CANDRENILOR;332
148131;DORNA-ARINI;332
148293;DORNE?TI;332
148328;DRAGOIE?TI;332
148382;DRAGU?ENI;332
148426;DUMBRAVENI;332
151488;F�NT�NA MARE;332
148453;F�NT�NELE;332
148514;FORA?TI;332
148667;FRATAU?II NOI;332
148694;FRATAU?II VECHI;332
148729;FRUMOSU;332
148765;FUNDU MOLDOVEI;332
148872;GALANE?TI;332
148916;GRAME?TI;332
148970;GRANICE?TI;332
151549;H�RTOP;332
151512;H�N?E?TI;332
149101;HORODNIC DE JOS;332
151479;HORODNIC DE SUS;332
149049;HORODNICENI;332
149138;IACOBENI;332
151442;IASLOVA?;332
147660;ILI?E?TI;332
146281;IPOTE?TI;332
149183;IZVOARELE SUCEVEI;332
149290;MARGINEA;332
149316;MALINI;332
149370;MANASTIREA HUMORULUI;332
146325;MITOCU DRAGOMIRNEI;332
149414;MOARA;332
149502;MOLDOVA-SULI?A;332
149539;MOLDOVI?A;332
149584;MU?ENI?A;332
149655;OSTRA;332
149682;PANACI;332
149753;PALTINOASA;332
149833;PATRAU?I;332
149780;P�RTE?TII DE JOS;332
149851;POIANA STAMPEI;332
151585;POIENI-SOLCA;332
149931;POJOR�TA;332
149968;PREUTE?TI;332
150043;PUTNA;332
150070;RADA?ENI;332
150114;R�?CA;332
150178;SADOVA;332
150196;SATU MARE;332
150221;SIMINICEA;332
150258;SLATINA;332
150294;STRAJA;332
150310;STROIE?TI;332
150356;STULPICANI;332
150418;SUCEVI?A;332
150445;?ARU DORNEI;332
146432;?CHEIA;332
151460;?ERBAU?I;332
150524;TODIRE?TI;332
150588;UDE?TI;332
150702;ULMA;332
150766;VADU MOLDOVEI;332
150891;VALEA MOLDOVEI;332
150935;VAMA;332
150980;VATRA MOLDOVI?EI;332
151022;VERE?TI;332
151077;VICOVU DE JOS;332
151558;VOITINEL;332
151120;VOLOVA?;332
151157;VULTURE?TI;332
151246;ZAMOSTEA;332
151344;ZVORI?TEA;332
151790;ALEXANDRIA;341
151870;RO?IORI DE VEDE;341
151683;TURNU MAGURELE;341
151905;VIDELE;341
151978;ZIMNICEA;341
151996;BALACI;341
152038;BABAI?A;341
155083;BECIU;341
155092;BEUCA;341
152083;BLEJE?TI;341
152127;BOGDANA;341
152172;BOTOROAGA;341
152234;BRAGADIRU;341
152252;BR�NCENI;341
152270;BUJORENI;341
152314;BUJORU;341
152332;BUZESCU;341
152350;CALINE?TI;341
152412;CALMA?UIU;341
152467;CALMA?UIU DE SUS;341
152500;CERVENIA;341
152528;CIOLANE?TI;341
151709;CIUPERCENI;341
152564;CON?E?TI;341
152582;COSME?TI;341
152662;CR�NGU;341
151932;CREVENICU;341
152617;CR�NGENI;341
152724;DIDE?TI;341
152760;DOBROTE?TI;341
155109;DRACEA;341
152797;DRAC?ENEI;341
152868;DRAGANE?TI DE VEDE;341
152902;DRAGANE?TI-VLA?CA;341
155118;F�NT�NELE;341
155127;FRASINET;341
152993;FRUMOASA;341
152948;FURCULE?TI;341
153026;GALATENI;341
153062;GRATIA;341
151736;ISLAZ;341
153106;IZVOARELE;341
153124;LISA;341
151763;LI?A;341
153151;LUNCA;341
153204;MAVRODIN;341
153240;MAGURA;341
153277;MALDAENI;341
153295;MERENI;341
153339;M�RZANE?TI;341
153384;MO?TENI;341
151816;NANOV;341
153400;NASTURELU;341
153437;NEC?E?TI;341
154996;NENCIULE?TI;341
153473;OLTENI;341
153507;ORBEASCA;341
153543;PERETU;341
153561;PIATRA;341
153589;PIETRO?ANI;341
153623;PLOPII-SLAVITE?TI;341
153605;PLOSCA;341
153696;POENI;341
151834;POROSCHIA;341
155136;PURANI;341
153829;PUTINEIU;341
153865;RADOIE?TI;341
153909;RASMIRE?TI;341
155145;SAELELE;341
153936;SALCIA;341
153972;SACENI;341
154013;SCRIOA?TEA;341
154068;SCURTU MARE;341
154139;SEACA;341
154184;SEGARCEA-VALE;341
154166;SFIN?E?TI;341
154228;SILI?TEA;341
154282;SILI?TEA-GUME?TI;341
154308;S�RBENI;341
154344;SLOBOZIA M�NDRA;341
154380;SM�RDIOASA;341
154415;STEJARU;341
154460;SUHAIA;341
154497;?TOROBANEASA;341
154521;TALPA;341
154585;TATARA?TII DE JOS;341
154665;TATARA?TII DE SUS;341
154736;TRAIAN;341
154754;TRIVALEA-MO?TENI;341
154790;TROIANUL;341
154834;?IGANE?TI;341
155154;UDA-CLOCOCIOV;341
154852;VEDEA;341
154914;VII?OARA;341
153776;VITANE?TI;341
154932;V�RTOAPE;341
154978;Z�MBREASCA;341
155243;TIMI?OARA;350
155350;LUGOJ;350
155403;BUZIA?;350
156357;CIACOVA;350
155458;DETA;350
156801;FAGET;350
157086;GATAIA;350
155494;JIMBOLIA;350
158314;RECA?;350
155528;S�NNICOLAU MARE;350
155546;BALIN?;350
155591;BANLOC;350
155662;BARA;350
155724;BEBA VECHE;350
155760;BECICHERECU MIC;350
155797;BELIN?;350
155840;BETHAUSEN;350
155911;BILED;350
159366;BIRDA;350
155957;B�RNA;350
156035;BOGDA;350
156106;BOLDUR;350
156151;BRESTOVA?;350
159516;BUCOV�?;350
156213;CARPINI?;350
156259;CENAD;350
156277;CENEI;350
159375;CHECEA;350
156311;CHEVERE?U MARE;350
156437;COMLO?U MARE;350
156473;CO?TEIU;350
156534;CRICIOVA;350
156589;CURTEA;350
156623;DAROVA;350
156669;DENTA;350
159384;DUDE?TII NOI;350
156712;DUDE?TII VECHI;350
156767;DUMBRAVA;350
155261;DUMBRAVI?A;350
159393;FIBI?;350
156927;F�RDEA;350
157004;FOENI;350
157031;GAVOJDIA;350
159400;GHILAD;350
155289;GHIRODA;350
157193;GHIZELA;350
157246;GIARMATA;350
157273;GIERA;350
155314;GIROC;350
157317;GIULVAZ;350
159419;GOTTLOB;350
159428;IECEA MARE;350
157362;JAMU MARE;350
157424;JEBEL;350
157451;LENAUHEIM;350
157497;LIEBLING;350
159491;LIVEZILE;350
157530;LOVRIN;350
157585;MARGINA;350
157683;MA?LOC;350
157736;MANA?TIUR;350
157781;MORAVI?A;350
157834;MO?NI?A NOUA;350
157898;NADRAG;350
157923;NI?CHIDORF;350
157969;OHABA LUNGA;350
158010;OR?I?OARA;350
159525;OTELEC;350
159437;PAR?A;350
159446;PADURENI;350
158065;PECIU NOU;350
158109;PERIAM;350
159507;PESAC;350
158136;PIETROASA;350
158181;PI?CHIA;350
158243;RACOVI?A;350
158396;REMETEA MARE;350
158449;SACO?U TURCESC;350
159455;SARAVALE;350
158528;SATCHINEZ;350
158564;SACALAZ;350
158733;S�NPETRU MARE;350
158608;SECA?;350
158653;S�NANDREI;350
158699;S�NMIHAIU ROM�N;350
158779;?AG;350
159464;?ANDRA;350
158804;?TIUCA;350
158859;TEREMIA MARE;350
158895;TOME?TI;350
159473;TOMNATIC;350
158966;TOPOLOVA?U MARE;350
159035;TORMAC;350
159071;TRAIAN VUIA;350
159142;UIVAR;350
159482;VALCANI;350
159213;VARIA?;350
159259;VICTOR VLAD DELAMARINA;350
159339;VOITEG;350
159614;TULCEA;369
159650;BABADAG;369
159687;ISACCEA;369
159730;MACIN;369
159767;SULINA;369
159785;BAIA;369
159847;BEIDAUD;369
161552;BE?TEPE;369
159883;C.A. ROSETTI;369
159945;CARCALIU;369
159963;CASIMCEA;369
160092;CEAMURLIA DE JOS;369
160047;CEATALCHIOI;369
160127;CERNA;369
160172;CHILIA VECHE;369
160225;CIUCUROVA;369
160261;CRI?AN;369
160305;DAENI;369
160323;DOROBAN?U;369
160387;FRECA?EI;369
160430;GRECI;369
160458;GRINDU;369
160476;HAMCEARCA;369
160528;HORIA;369
161525;I.C.BRATIANU;369
160564;IZVOARELE;369
160617;JIJILA;369
160644;JURILOVCA;369
160680;LUNCAVI?A;369
160724;MAHMUDIA;369
160779;MALIUC;369
160831;MIHAI BRAVU;369
160877;MIHAIL KOGALNICEANU;369
160911;MURIGHIOL;369
160993;NALBANT;369
161035;NICULI?EL;369
161053;NUFARU;369
161106;OSTROV;369
161133;PARDINA;369
161151;PECENEAGA;369
161179;SARICHIOI;369
161231;SF�NTU GHEORGHE;369
161259;SLAVA CERCHEZA;369
161286;SM�RDAN;369
161302;SOMOVA;369
161348;STEJARU;369
161384;TOPOLOG;369
161464;TURCOAIA;369
161482;VALEA NUCARILOR;369
161561;VALEA TEILOR;369
161543;VACARENI;369
161945;VASLUI;378
161794;B�RLAD;378
161829;HU?I;378
164981;MURGENI;378
161856;NEGRE?TI;378
162014;ALBE?TI;378
162069;ALEXANDRU VLAHU?A;378
162149;ARSURA;378
162194;BANCA;378
162327;BACANI;378
162381;BACE?TI;378
162452;BALTENI;378
162498;BEREZENI;378
162559;BLAGE?TI;378
162595;BOGDANA;378
162693;BOGDANE?TI;378
162791;BOGDANI?A;378
162871;BO?E?TI;378
162924;BUNE?TI-AVERE?TI;378
167268;CIOCANI;378
163002;CODAE?TI;378
163057;COROIE?TI;378
163137;COSTE?TI;378
167277;COZME?TI;378
163208;CRE?E?TI;378
163253;DANE?TI;378
163324;DELENI;378
163379;DELE?TI;378
164277;DIMITRIE CANTEMIR;378
167286;DODE?TI;378
163486;DRAGOMIRE?TI;378
163618;DR�NCENI;378
163681;DUDA-EPURENI;378
163734;DUME?TI;378
163789;EPURENI;378
163832;FALCIU;378
167295;FERE?TI;378
167231;FRUNTI?ENI;378
163903;GAGE?TI;378
163967;GHERGHE?TI;378
164062;G�RCENI;378
164133;GRIVI?A;378
164197;HOCENI;378
164339;IANA;378
167222;IBANE?TI;378
164393;IVANE?TI;378
164543;IVE?TI;378
164598;LAZA;378
164687;LIPOVA?;378
164749;LUNCA BANULUI;378
164829;MALU?TENI;378
164892;MICLE?TI;378
164936;MUNTENII DE JOS;378
167302;MUNTENII DE SUS;378
165069;OLTENE?TI;378
165130;O?E?TI;378
165185;PADURENI;378
165274;PERIENI;378
167311;POCHIDIA;378
165416;POGANA;378
167259;POGONE?TI;378
165336;POIENE?TI;378
165470;PUIE?TI;378
165611;PUNGE?TI;378
167320;PU?CA?I;378
167240;RAFAILA;378
165719;REBRICEA;378
165817;RO?IE?TI;378
165899;SOLE?TI;378
165979;STANILE?TI;378
166057;?TEFAN CEL MARE;378
166137;?ULETEA;378
166182;TANACU;378
166235;TACUTA;378
166315;TATARANI;378
166413;TODIRE?TI;378
166529;TUTOVA;378
166636;VALENI;378
166672;VETRI?OAIA;378
166707;VII?OARA;378
166770;VINDEREI;378
166869;VOINE?TI;378
166985;VULTURE?TI;378
167035;VUTCANI;378
167071;ZAPODENI;378
167179;ZORLENI;378
167473;R�MNICU V�LCEA;387
167981;DRAGA?ANI;387
168372;BABENI;387
167641;BAILE GOVORA;387
167696;BAILE OLANE?TI;387
168452;BALCE?TI;387
168602;BERBE?TI;387
167794;BREZOI;387
167909;CALIMANE?TI;387
168041;HOREZU;387
168130;OCNELE MARI;387
168229;ALUNU;387
168309;AMARA?TI;387
168559;BARBATE?TI;387
168675;BERISLAVE?TI;387
168755;BOI?OARA;387
168791;BUDE?TI;387
168880;BUJORENI;387
168960;BUNE?TI;387
169039;CERNI?OARA;387
169119;C�INENI;387
169182;COPACENI;387
169253;COSTE?TI;387
169306;CRE?ENI;387
169351;DAE?TI;387
169404;DANICEI;387
174502;DICULE?TI;387
169547;DRAGOE?TI;387
169583;FAURE?TI;387
169681;F�RTA?E?TI;387
169896;FR�NCE?TI;387
169994;GALICEA;387
170097;GHIOROIU;387
170168;GLAVILE;387
170220;GOLE?TI;387
170346;GRADI?TEA;387
170444;GU?OENI;387
170514;IONE?TI;387
170612;LALO?U;387
174511;LACUSTENI;387
170685;LADE?TI;387
170792;LAPU?ATA;387
170872;LIVEZI;387
170952;LUNGE?TI;387
171021;MALAIA;387
171067;MATEE?TI;387
171101;MACIUCA;387
171209;MADULARI;387
171272;MALDARE?TI;387
171325;MIHAE?TI;387
171469;MILCOIU;387
174520;MITROFANI;387
171539;MUEREASCA;387
171628;NICOLAE BALCESCU;387
171806;OLANU;387
171879;ORLE?TI;387
171931;OTE?ANI;387
172082;PAUSE?TI-MAGLA?I;387
171995;PAU?E?TI;387
172153;PERI?ANI;387
172279;PESCEANA;387
172340;PIETRARI;387
172377;POPE?TI;387
172457;PRUNDENI;387
172509;RACOVI?A;387
172581;ROE?TI;387
172698;RO?IILE;387
172812;RUNCU;387
172894;SALATRUCEL;387
172947;SCUNDU;387
172992;SINE?TI;387
173061;SLATIOARA;387
173132;STANE?TI;387
173230;STOENE?TI;387
173374;STOILE?TI;387
173533;STROE?TI;387
173597;SUTE?TI;387
173686;?IRINEASA;387
173748;?TEFANE?TI;387
173793;?U?ANI;387
173855;TETOIU;387
174496;TITE?TI;387
173935;TOM?ANI;387
174021;VAIDEENI;387
174085;VALEA MARE;387
174156;VLADE?TI;387
174218;VOICE?TI;387
174254;VOINEASA;387
174290;ZATRENI;387
174744;FOC?ANI;396
174860; ADJUD;396
174922;MARA?E?TI;396
175019;ODOBE?TI;396
175055;PANCIU;396
175126;ANDREIA?U DE JOS;396
175206;BALE?TI;396
175224;B�RSE?TI;396
178929;BILIE?TI;396
175260;BOGHE?TI;396
175368;BOLOTE?TI;396
175439;BORDE?TI;396
175466;BRO?TENI;396
175509;CHIOJDENI;396
175590;CIORA?TI;396
174780;C�MPINEANCA;396
175670;C�MPURI;396
175732;C�RLIGELE;396
175787;CORBI?A;396
175885;COTE?TI;396
175938;DUMBRAVENI;396
175983;DUMITRE?TI;396
176150;FITIONE?TI;396
176212;GAROAFA;396
174824;GOLE?TI;396
178938;GOLOGANU;396
176301;GUGE?TI;396
176338;GURA CALI?EI;396
176445;HOMOCEA;396
176506;JARI?TEA;396
176551;JITIA;396
176613;MAICANE?TI;396
176686;MERA;396
176748;MILCOVUL;396
176793;MOVILI?A;396
176855;NANE?TI;396
176891;NARUJA;396
178885;NEGRILE?TI;396
176944;NEREJU;396
177003;NISTORE?TI;396
178947;OBREJI?A;396
177101;PALTIN;396
178910;PAULE?TI;396
177236;PAUNE?TI;396
178894;PLOSCU?ENI;396
177263;POIANA CRISTEI;396
178901;POPE?TI;396
177352;PUFE?TI;396
177405;RACOASA;396
178956;RASTOACA;396
177469;REGHIU;396
177557;RUGINE?TI;396
177600;SIHLEA;396
177655;SLOBOZIA BRADULUI;396
177726;SLOBOZIA CIORA?TI;396
177762;SOVEJA;396
178965;SPULBER;396
177799;STRAOANE;396
177842;SURAIA;396
177879;TANASOAIA;396
177986;TATARANU;396
178046;T�MBOE?TI;396
178117;TULNICI;396
178180;?IFE?TI;396
178279;URECHE?TI;396
178313;VALEA SARII;396
178377;VIDRA;396
178475;VINTILEASCA;396
178545;VIZANTEA-LIVEZI;396
178607;V�NATORI;396
178689;V�RTE?COIU;396
178750;VR�NCIOAIA;396
178821;VULTURU;396
179132;BUCURE?TI;403
